drop table REPONSES;
drop table QUESTION_MODULE;
drop table QUESTIONS;
drop table MODULE;
drop table USERS;
drop table SECTION;

CREATE TABLE USERS(
    ID_USER INT,
    USER_NAME VARCHAR(50),
    USER_PASSWORD VARCHAR(255),
    TYPE INT,
    PRIMARY KEY (ID_USER)
);
CREATE TABLE SECTION(
    ID_SECTION INT,
    NAME_SECTION VARCHAR(50),
    LINK VARCHAR(100),
    PRIMARY KEY (ID_SECTION)
);
CREATE TABLE MODULE(
    ID_MODULES INT,
    ID_USER INT,
    NAME_MODULE VARCHAR(255),
    DESCRIPTION VARCHAR(1024),
    ID_SECTION INT,
    CLE VARCHAR(50),
    MOYEN_NOTE FLOAT,
    PRIMARY KEY (ID_MODULES),
    FOREIGN KEY (ID_USER) REFERENCES USERS(ID_USER),
    FOREIGN KEY (ID_SECTION) REFERENCES SECTION(ID_SECTION)
);
CREATE TABLE QUESTIONS(
    ID_QUESTION INT,
    QUESTION VARCHAR(100),
    ID_USER INT,
    PRIMARY KEY (ID_QUESTION),
    FOREIGN KEY (ID_USER) REFERENCES USERS(ID_USER)
);
CREATE TABLE QUESTION_MODULE(
    ID_MODULES INT,
    ID_QUESTION INT,
    FOREIGN KEY (ID_MODULES) REFERENCES MODULE(ID_MODULES),
    FOREIGN KEY (ID_QUESTION) REFERENCES QUESTIONS(ID_QUESTION)
);
CREATE TABLE REPONSES(
    ID_RESP INT,
    ID_QUESTION INT,
    REPONSE VARCHAR(1000),
    ID_MODULES INT,
    TYPE INT,
    VALIDE INT,
    PRIMARY KEY (ID_RESP),
    FOREIGN KEY (ID_MODULES) REFERENCES MODULE(ID_MODULES),
    FOREIGN KEY (ID_QUESTION) REFERENCES QUESTIONS(ID_QUESTION)
);
INSERT INTO SECTION VALUE(0, 'STI 3A', '/images/sti.jpg');
INSERT INTO SECTION VALUE(1, 'STI 4A', '/images/sti.jpg');
INSERT INTO SECTION VALUE(2, 'STI 5A', '/images/sti.jpg');
INSERT INTO SECTION VALUE(3, 'MRI 3A', '/images/mri.jpg');
INSERT INTO SECTION VALUE(4, 'MRI 4A', '/images/mri.jpg');
INSERT INTO SECTION VALUE(5, 'MRI 5A', '/images/mri.jpg');

INSERT INTO USERS VALUE(0, 'admin', 'admin', 0);
INSERT INTO USERS VALUE(1, 'delegues', 'delegues', 1);
INSERT INTO USERS VALUE(2, 'prof1', 'prof1', 2);
INSERT INTO USERS VALUE(3, 'prof2', 'prof2', 2);
INSERT INTO USERS VALUE(4, 'prof3', 'prof3', 2);

INSERT INTO MODULE VALUE(0, 2, 'Réseaux', 'Configuration de réseaux internet', 0,' cle1', 3);
INSERT INTO MODULE VALUE(1, 3, 'Prog. System', 'Programmation d un OS', 0, 'cle2', 4);
INSERT INTO MODULE VALUE(2, 4, 'Future ?', 'Tu peux y arrivé ?', 5, 'cle3', 5);
INSERT INTO MODULE VALUE(3, 2, 'Programmation C', 'Apprendre a programmer en C', 0,' cle4', 3);
INSERT INTO MODULE VALUE(4, 3, 'Base de données', 'Apprendre a se servir des bases de données', 0,' cle5', 3);
INSERT INTO MODULE VALUE(5, 4, 'Web', 'Les bases des langage du web', 0,' cle6', 3);

INSERT INTO QUESTIONS VALUE(0, 'Comment avez-vous trouver le cours ?', 0);
INSERT INTO QUESTIONS VALUE(1, 'Comment avez-vous trouver le TD ?', 0);
INSERT INTO QUESTIONS VALUE(2, 'Comment avez-vous trouver le partiel ?', 0);
INSERT INTO QUESTIONS VALUE(3, 'Avez-vous bien comprit le cour ?', 0);

INSERT INTO QUESTION_MODULE VALUE(0, 0);
INSERT INTO QUESTION_MODULE VALUE(0, 1);
INSERT INTO QUESTION_MODULE VALUE(0, 2);
INSERT INTO QUESTION_MODULE VALUE(1, 0);
INSERT INTO QUESTION_MODULE VALUE(1, 1);
INSERT INTO QUESTION_MODULE VALUE(3, 3);

INSERT INTO REPONSES VALUE(0, 0, "J'ai trouvé le cour très interésant.", 0, 1, 0);
INSERT INTO REPONSES VALUE(4, 0, "J'ai trouvé le cour très très interésant.", 0, 1, 0);
INSERT INTO REPONSES VALUE(5, 0, "J'ai trouvé le cour très très très interésant.", 0, 1, 0);
INSERT INTO REPONSES VALUE(1, 0, "J'ai trouvé le cour très cool.", 0, 1, 1);
INSERT INTO REPONSES VALUE(2, 3, "J'ai trouvé le cour très cool.", 3, 1, 1);
INSERT INTO REPONSES VALUE(3, 0, "Le cour ne dois pas changer et resté comme ça !", 3, 0, 1);
